Variables,,,,,,,,,,,,,,,,,,,,,,,,,,,,,,,,,,,,,,,,,,,,,,,,,,
,win_x86,win_x86-64_nocmprssptrs,win_x86-64_cmprssptrs,win_x86-64,linux_x86,linux_x86-64_nocmprssptrs,linux_x86-64_cmprssptrs,linux_x86-64,linux_ppc,linux_ppc-64_nocmprssptrs,linux_ppc-64_cmprssptrs,linux_ppc-64,linux_ppc-64_nocmprssptrs_le,linux_ppc-64_cmprssptrs_le,linux_ppc-64_le,linux_390,linux_390-64_nocmprssptrs,linux_390-64_cmprssptrs,linux_390-64_cmprssptrs_zt,linux_390-64,linux_390-64_zt,aix_ppc,aix_ppc-64_nocmprssptrs,aix_ppc-64_cmprssptrs,aix_ppc-64,zos_390,zos_390_zt,zos_390-64_nocmprssptrs,zos_390-64_cmprssptrs,zos_390-64_cmprssptrs_zt,zos_390-64,zos_390-64_zt,linux_arm,osx_x86-64_nocmprssptrs,osx_x86-64_cmprssptrs,osx_x86-64,osx_aarch64_nocmprssptrs,bsd_x86-64,sunos_sparcv9-64,sunos_x86-64,linux_aarch64_nocmprssptrs,linux_aarch64_cmprssptrs,linux_aarch64,linux_riscv64_nocmprssptrs,linux_riscv64_cmprssptrs,linux_riscv64,alpine-linux_x86-64,alpine-linux_aarch64,default-64,default-none64
plat,win_x86-32,win_x86-64_ncr,win_x86-64_cr,win_x86-64,linux_x86-32,linux_x86-64_ncr,linux_x86-64_cr,linux_x86-64,linux_ppc-32,linux_ppc-64_ncr,linux_ppc-64_cr,linux_ppc-64,linux_ppcle-64_ncr,linux_ppcle-64_cr,linux_ppc-64,linux_390-31,linux_390-64_ncr,linux_390-64_cr,linux_390-64_cr_zt,linux_390-64,linux_390-64_zt,aix_ppc-32,aix_ppc-64_ncr,aix_ppc-64_cr,aix_ppc-64,zos_390-31,zos_390-31_zt,zos_390-64_ncr,zos_390-64_cr,zos_390-64_cr_zt,zos_390-64,zos_390-64_zt,linux_arm,osx_x86-64_ncr,osx_x86-64_cr,osx_x86-64,osx_aarch64_ncr,bsd_x86-64,sunos_sparcv9-64,sunos_x86-64,linux_aarch64_ncr,linux_aarch64_cr,linux_aarch64,linux_riscv64_ncr,linux_riscv64_cr,linux_riscv64,alpine-linux_x86-64,alpine-linux_aarch64,default-64,default-none64
capabilities,"vm:standard,arch:32bit,os:win,arch:x86,test:java9","vm:standard,arch:64bit,os:win,arch:x86,test:java9","vm:compressed_refs,arch:64bit,os:win,arch:x86,test:java9",,"vm:standard,arch:32bit,os:linux,os:unix,arch:x86,test:java9","vm:standard,arch:64bit,os:linux,os:unix,arch:x86,test:java9","vm:compressed_refs,arch:64bit,os:linux,os:unix,arch:x86,test:java9","vm:mixed_refs,arch:64bit,os:linux,os:unix,arch:x86,test:java9","vm:standard,arch:32bit,os:linux,os:unix,arch:ppc,test:java9","vm:standard,arch:64bit,os:linux,os:unix,arch:ppc,test:java9","vm:compressed_refs,arch:64bit,os:linux,os:unix,arch:ppc,test:java9","vm:standard,arch:64bit,os:linux,os:unix,arch:ppc,test:java9","vm:standard,arch:64bit,os:linux,os:unix,arch:ppcle,test:java9","vm:compressed_refs,arch:64bit,os:linux,os:unix,arch:ppc,arch:ppcle,test:java9",,"vm:standard,arch:31bit,os:linux,os:unix,arch:390,test:java9","vm:standard,arch:64bit,os:linux,os:unix,arch:390,test:java9","vm:compressed_refs,arch:64bit,os:linux,os:unix,arch:390,test:java9","vm:compressed_refs,arch:64bit,os:linux,os:unix,arch:znext,test:java9",,,"vm:standard,arch:32bit,os:aix,os:unix,arch:ppc,test:java9","vm:standard,arch:64bit,os:aix,os:unix,arch:ppc,test:java9","vm:compressed_refs,arch:64bit,os:aix,os:unix,arch:ppc,test:java9",,"vm:standard,arch:31bit,os:zos,arch:390,test:java9","vm:standard,arch:31bit,os:zos,arch:znext,test:java9","vm:standard,arch:64bit,os:zos,arch:390,test:java9","vm:compressed_refs,arch:64bit,os:zos,arch:390,test:java9","vm:compressed_refs,arch:64bit,os:zos,arch:znext,test:java9","vm:mixed_refs,arch:64bit,os:zos,arch:390,test:java9","vm:mixed_refs,arch:64bit,os:zos,arch:znext,test:java9","arch:32bit,os:linux,arch:arm","vm:standard,arch:64bit,os:osx,os:unix,arch:x86,test:java9","vm:compressed_refs,arch:64bit,os:osx,os:unix,arch:x86,test:java9",,"vm:standard,arch:64bit,os:osx,os:unix,arch:aarch64,test:java9",,,,"vm:standard,arch:64bit,os:linux,os:unix,arch:aarch64,test:java9","vm:compressed_refs,arch:64bit,os:linux,os:unix,arch:aarch64,test:java9",,"vm:standard,arch:64bit,os:linux,os:unix,arch:riscv,test:java9","vm:compressed_refs,arch:64bit,os:linux,os:unix,arch:riscv,test:java9","vm:mixed_refs,arch:64bit,os:linux,os:unix,arch:riscv,test:java9","vm:mixed_refs,arch:64bit,os:linux,os:unix,arch:x86,test:java9","vm:mixed_refs,arch:64bit,os:linux,os:unix,arch:aarch64,test:java9",,
# Variations,,,,,,,,,,,,,,,,,,,,,,,,,,,,,,,,,,,,,,,,,,,,,,,,,,
# Refer to /lib/makelib/default/variations.mk and /lib/makelib/default/modes.mk for macros set (e.g. JVM options) by these variations,,,,,,,,,,,,,,,,,,,,,,,,,,,,,,,,,,,,,,,,,,,,,,,,,yes,yes
variation:DDRTest,no,no,no,no,no,no,no,no,no,no,no,no,no,no,no,no,no,no,no,no,no,no,no,no,no,no,no,no,no,no,no,no,no,no,no,no,no,no,no,no,no,no,no,no,no,no,no,no,yes,yes
variation:TckLevel101,no,no,no,no,no,no,no,no,no,no,no,no,no,no,no,no,no,no,no,no,no,no,no,no,no,no,no,no,no,no,no,no,no,no,no,no,no,no,no,no,no,no,no,no,no,no,no,no,yes,yes
variation:TckLevel102,no,no,no,no,no,no,no,no,no,no,no,no,no,no,no,no,no,no,no,no,no,no,no,no,no,no,no,no,no,no,no,no,no,no,no,no,no,no,no,no,no,no,no,no,no,no,no,no,yes,yes
variation:NoOptions,yes,yes,yes,yes,yes,yes,yes,yes,yes,yes,yes,yes,yes,yes,yes,yes,yes,yes,yes,yes,yes,yes,yes,yes,yes,yes,yes,yes,yes,yes,yes,yes,yes,yes,yes,yes,yes,yes,yes,yes,yes,yes,yes,yes,yes,yes,yes,yes,yes,yes
variation:CEEHDLR,no,no,no,no,no,no,no,no,no,no,no,no,no,no,no,no,no,no,no,no,no,no,no,no,no,yes,yes,no,no,no,no,no,no,no,no,no,no,no,no,no,no,no,no,no,no,no,no,no,yes,yes
variation:NoJit,yes,yes,yes,yes,yes,yes,yes,yes,yes,yes,yes,yes,yes,yes,yes,yes,yes,yes,yes,yes,yes,yes,yes,yes,yes,yes,yes,yes,yes,yes,yes,yes,yes,yes,yes,yes,yes,yes,yes,yes,yes,yes,yes,yes,yes,yes,yes,yes,yes,yes
variation:JitCount0,yes,yes,yes,yes,yes,yes,yes,yes,yes,yes,yes,yes,yes,yes,yes,yes,yes,yes,yes,yes,yes,yes,yes,yes,yes,yes,yes,yes,yes,yes,yes,yes,yes,yes,yes,yes,yes,yes,yes,yes,yes,yes,yes,no,no,no,yes,yes,yes,yes
variation:JitSanity0,yes,yes,yes,yes,yes,yes,yes,yes,yes,yes,yes,yes,yes,yes,yes,yes,yes,yes,yes,yes,yes,yes,yes,yes,yes,yes,yes,yes,yes,yes,yes,yes,yes,yes,yes,yes,yes,yes,yes,yes,yes,yes,yes,no,no,no,yes,yes,yes,yes
variation:JitSanity1,yes,yes,yes,yes,yes,yes,yes,yes,yes,yes,yes,yes,yes,yes,yes,yes,yes,yes,yes,yes,yes,yes,yes,yes,yes,yes,yes,yes,yes,yes,yes,yes,yes,yes,yes,yes,yes,yes,yes,yes,yes,yes,yes,no,no,no,yes,yes,yes,yes
variation:JitTestModeTossCode,yes,yes,yes,yes,yes,yes,no,yes,yes,yes,yes,yes,yes,yes,yes,yes,yes,yes,yes,yes,yes,yes,yes,yes,yes,yes,yes,yes,,,yes,yes,yes,yes,no,yes,yes,yes,yes,yes,yes,yes,yes,no,no,no,yes,yes,yes,yes
variation:Mode100,yes,yes,no,yes,yes,yes,no,yes,yes,yes,no,yes,yes,no,yes,yes,yes,no,no,yes,yes,yes,yes,no,yes,yes,yes,yes,no,no,yes,yes,yes,yes,no,yes,yes,no,no,no,yes,no,yes,no,no,no,yes,yes,yes,yes
variation:Mode101,yes,yes,no,yes,yes,yes,no,yes,yes,yes,no,yes,yes,no,yes,yes,yes,no,no,yes,yes,yes,yes,no,yes,yes,yes,yes,no,no,yes,yes,yes,yes,no,yes,yes,no,no,no,yes,no,yes,no,no,no,yes,yes,yes,yes
variation:Mode103,yes,yes,no,yes,yes,yes,no,yes,yes,yes,no,yes,yes,no,yes,yes,yes,no,no,yes,yes,yes,yes,no,yes,yes,yes,yes,no,no,yes,yes,yes,yes,no,yes,yes,no,no,no,yes,no,yes,no,no,no,yes,yes,yes,yes
variation:Mode104,yes,yes,no,yes,yes,yes,no,yes,yes,yes,no,yes,yes,no,yes,yes,yes,no,no,yes,yes,yes,yes,no,yes,yes,yes,yes,no,no,yes,yes,yes,yes,no,yes,yes,no,no,no,yes,no,yes,no,no,no,yes,yes,yes,yes
variation:Mode105,yes,yes,no,yes,yes,yes,no,yes,yes,yes,no,yes,yes,no,yes,yes,yes,no,no,yes,yes,yes,yes,no,yes,yes,yes,yes,no,no,yes,yes,yes,yes,no,yes,yes,no,no,no,yes,no,yes,no,no,no,yes,yes,yes,yes
variation:Mode106,yes,yes,no,yes,yes,yes,no,yes,yes,yes,no,yes,yes,no,yes,yes,yes,no,no,yes,yes,yes,yes,no,yes,yes,yes,yes,no,no,yes,yes,yes,yes,no,yes,yes,no,no,no,yes,no,yes,no,no,no,yes,yes,yes,yes
variation:Mode107,yes,yes,no,yes,yes,yes,no,yes,yes,yes,no,yes,yes,no,yes,yes,yes,no,no,yes,yes,yes,yes,no,yes,yes,yes,yes,no,no,yes,yes,yes,yes,no,yes,yes,no,no,no,yes,no,yes,no,no,no,yes,yes,yes,yes
variation:Mode108,yes,yes,no,yes,yes,yes,no,yes,yes,yes,no,yes,yes,no,yes,yes,yes,no,no,yes,yes,yes,yes,no,yes,yes,yes,yes,no,no,yes,yes,yes,yes,no,yes,yes,no,no,no,yes,no,yes,no,no,no,yes,yes,yes,yes
variation:Mode109,yes,yes,no,yes,yes,yes,no,yes,yes,yes,no,yes,yes,no,yes,yes,yes,no,no,yes,yes,yes,yes,no,yes,yes,yes,yes,no,no,yes,yes,yes,yes,no,yes,yes,no,no,no,yes,no,yes,yes,no,yes,yes,yes,yes,yes
variation:Mode109-CS,no,no,no,no,no,no,no,no,no,no,no,no,no,no,no,no,no,no,no,no,no,no,no,no,no,no,no,yes,no,no,yes,yes,no,no,no,no,no,no,no,no,no,no,no,no,no,no,no,no,yes,yes
variation:Mode110,yes,yes,no,yes,yes,yes,no,yes,yes,yes,no,yes,yes,no,yes,yes,yes,no,no,yes,yes,yes,yes,no,yes,yes,yes,yes,no,no,yes,yes,yes,yes,no,yes,yes,no,no,no,yes,no,yes,no,no,no,yes,yes,yes,yes
variation:Mode110-CS,no,no,no,no,no,no,no,no,no,no,no,no,no,no,no,no,no,no,no,no,no,no,no,no,no,no,no,yes,no,no,yes,yes,no,no,no,no,no,no,no,no,no,no,no,no,no,no,no,no,yes,yes
variation:Mode112,yes,yes,no,yes,yes,yes,no,yes,yes,yes,no,yes,yes,no,yes,yes,yes,no,no,yes,yes,yes,yes,no,yes,yes,yes,yes,no,no,yes,yes,yes,yes,no,yes,yes,no,no,no,yes,no,yes,no,no,no,yes,yes,yes,yes
variation:Mode113,yes,yes,no,yes,yes,yes,no,yes,yes,yes,no,yes,yes,no,yes,yes,yes,no,no,yes,yes,yes,yes,no,yes,yes,yes,yes,no,no,yes,yes,yes,yes,no,yes,yes,no,no,no,yes,no,yes,no,no,no,yes,yes,yes,yes
variation:Mode114,yes,yes,no,yes,yes,yes,no,yes,yes,yes,no,yes,yes,no,yes,yes,yes,no,no,yes,yes,yes,yes,no,yes,yes,yes,yes,no,no,yes,yes,yes,yes,no,yes,no,no,no,no,no,no,no,no,no,no,yes,yes,yes,yes
variation:Mode115,yes,yes,no,yes,yes,yes,no,yes,yes,yes,no,yes,yes,no,yes,yes,yes,no,no,yes,yes,yes,yes,no,yes,yes,yes,yes,no,no,yes,yes,yes,yes,no,yes,yes,no,no,no,yes,no,yes,no,no,no,yes,yes,yes,yes
variation:Mode118,yes,yes,no,yes,yes,yes,no,yes,yes,yes,no,yes,yes,no,yes,yes,yes,no,no,yes,yes,yes,yes,no,yes,yes,yes,yes,no,no,yes,yes,yes,yes,no,yes,yes,no,no,no,yes,no,yes,no,no,no,yes,yes,yes,yes
variation:Mode119,yes,yes,no,yes,yes,yes,no,yes,yes,yes,no,yes,yes,no,yes,yes,yes,no,no,yes,yes,yes,yes,no,yes,yes,yes,yes,no,no,yes,yes,yes,yes,no,yes,yes,no,no,no,yes,no,yes,no,no,no,yes,yes,yes,yes
variation:Mode121,yes,yes,no,yes,yes,yes,no,yes,yes,yes,no,yes,yes,no,yes,yes,yes,no,no,yes,yes,yes,yes,no,yes,yes,yes,yes,no,no,yes,yes,yes,yes,no,yes,yes,no,no,no,yes,no,yes,no,no,no,yes,yes,yes,yes
variation:Mode122,yes,yes,no,yes,yes,yes,no,yes,yes,yes,no,yes,yes,no,yes,yes,yes,no,no,yes,yes,yes,yes,no,yes,yes,yes,yes,no,no,yes,yes,yes,yes,no,yes,yes,no,no,no,yes,no,yes,no,no,no,yes,yes,yes,yes
variation:Mode123,yes,yes,no,yes,yes,yes,no,yes,yes,yes,no,yes,yes,no,yes,yes,yes,no,no,yes,yes,yes,yes,no,yes,yes,yes,yes,no,no,yes,yes,yes,yes,no,yes,no,no,no,no,no,no,no,no,no,no,yes,yes,yes,yes
variation:Mode124,yes,yes,no,yes,yes,yes,no,yes,yes,yes,no,yes,yes,no,yes,yes,yes,no,no,yes,yes,yes,yes,no,yes,yes,yes,yes,no,no,yes,yes,yes,yes,no,yes,yes,no,no,no,yes,no,yes,no,no,no,yes,yes,yes,yes
variation:Mode127,no,no,no,no,no,no,no,no,no,no,no,no,no,no,no,no,no,no,no,no,no,no,no,no,no,no,no,no,no,no,no,no,no,no,no,no,no,no,no,no,no,no,no,no,no,no,no,no,yes,yes
variation:Mode128,no,no,no,no,no,no,no,no,no,no,no,no,no,no,no,no,no,no,no,no,no,no,no,no,no,no,no,no,no,no,no,no,no,no,no,no,no,no,no,no,no,no,no,no,no,no,no,no,yes,yes
variation:Mode130,no,no,no,no,no,no,no,no,no,no,no,no,no,no,no,no,no,no,no,no,no,no,no,no,no,no,no,no,no,no,no,no,no,no,no,no,no,no,no,no,no,no,no,no,no,no,no,no,yes,yes
variation:Mode131,yes,no,no,no,no,no,no,no,no,no,no,no,no,no,no,no,no,no,no,no,no,no,no,no,no,no,no,no,no,no,no,no,no,no,no,no,no,no,no,no,no,no,no,no,no,no,no,no,yes,yes
variation:Mode136,no,no,yes,yes,no,no,yes,yes,no,no,yes,yes,no,yes,yes,no,no,yes,yes,yes,yes,no,no,yes,yes,no,no,no,yes,yes,yes,yes,no,no,yes,yes,no,yes,yes,yes,no,yes,yes,no,no,no,yes,yes,yes,yes
variation:Mode137,yes,yes,yes,yes,yes,yes,no,yes,yes,yes,no,yes,yes,no,yes,yes,yes,no,no,yes,yes,yes,yes,no,yes,yes,yes,yes,no,no,yes,yes,yes,yes,no,yes,yes,no,no,no,yes,no,yes,no,no,no,yes,yes,yes,yes
variation:Mode138,no,no,yes,yes,no,no,yes,yes,no,no,yes,yes,no,yes,yes,no,no,yes,yes,yes,yes,no,no,yes,yes,no,no,no,yes,yes,yes,yes,no,no,yes,yes,no,yes,yes,yes,no,yes,yes,no,no,no,yes,yes,yes,yes
variation:Mode139,no,yes,no,yes,no,yes,no,yes,no,yes,no,yes,yes,no,yes,no,yes,no,no,yes,yes,no,yes,no,yes,no,no,yes,no,no,yes,yes,no,yes,no,yes,no,no,no,no,no,no,no,no,no,no,yes,yes,yes,yes
variation:Mode140,yes,yes,no,yes,yes,yes,no,yes,yes,yes,no,yes,yes,no,yes,yes,yes,no,no,yes,yes,yes,yes,no,yes,yes,yes,yes,no,no,yes,yes,yes,yes,no,yes,yes,no,no,no,yes,no,yes,no,no,no,yes,yes,yes,yes
variation:Mode141,yes,yes,no,yes,yes,yes,no,yes,yes,yes,no,yes,yes,no,yes,yes,yes,no,no,yes,yes,yes,yes,no,yes,yes,yes,yes,no,no,yes,yes,yes,yes,no,yes,yes,no,no,no,yes,no,yes,no,no,no,yes,yes,yes,yes
variation:Mode142,yes,yes,no,yes,yes,yes,no,yes,yes,yes,no,yes,yes,no,yes,yes,yes,no,no,yes,yes,yes,yes,no,yes,yes,yes,yes,no,no,yes,yes,yes,yes,no,yes,yes,no,no,no,yes,no,yes,no,no,no,yes,yes,yes,yes
variation:Mode143,yes,yes,no,yes,yes,yes,no,yes,yes,yes,no,yes,yes,no,yes,yes,yes,no,no,yes,yes,yes,yes,no,yes,yes,yes,yes,no,no,yes,yes,yes,yes,no,yes,yes,no,no,no,yes,no,yes,no,no,no,yes,yes,yes,yes
variation:Mode144,yes,yes,no,yes,yes,yes,no,yes,yes,yes,no,yes,yes,no,yes,yes,yes,no,no,yes,yes,yes,yes,no,yes,yes,yes,yes,no,no,yes,yes,yes,yes,no,yes,no,no,no,no,no,no,no,no,no,no,yes,yes,yes,yes
variation:Mode145,yes,yes,no,yes,yes,yes,no,yes,yes,yes,no,yes,yes,no,yes,yes,yes,no,no,yes,yes,yes,yes,no,yes,yes,yes,yes,no,no,yes,yes,yes,yes,no,yes,yes,no,no,no,yes,no,yes,no,no,no,yes,yes,yes,yes
variation:Mode146,yes,yes,no,yes,yes,yes,no,yes,yes,yes,no,yes,yes,no,yes,yes,yes,no,no,yes,yes,yes,yes,no,yes,yes,yes,yes,no,no,yes,yes,yes,yes,no,yes,yes,no,no,no,yes,no,yes,no,no,no,yes,yes,yes,yes
variation:Mode147,yes,yes,no,yes,yes,yes,no,yes,yes,yes,no,yes,yes,no,yes,yes,yes,no,no,yes,yes,yes,yes,no,yes,yes,yes,yes,no,no,yes,yes,yes,yes,no,yes,yes,no,no,no,yes,no,yes,no,no,no,yes,yes,yes,yes
variation:Mode148,yes,yes,no,yes,yes,yes,no,yes,yes,yes,no,yes,yes,no,yes,yes,yes,no,no,yes,yes,yes,yes,no,yes,yes,yes,yes,no,no,yes,yes,yes,yes,no,yes,yes,no,no,no,yes,no,yes,no,no,no,yes,yes,yes,yes
variation:Mode149,yes,yes,no,yes,yes,yes,no,yes,yes,yes,no,yes,yes,no,yes,yes,yes,no,no,yes,yes,yes,yes,no,yes,yes,yes,yes,no,no,yes,yes,yes,yes,no,yes,yes,no,no,no,yes,no,yes,no,no,no,yes,yes,yes,yes
variation:Mode150,no,no,yes,yes,no,no,yes,yes,no,no,yes,yes,no,yes,yes,no,no,yes,yes,yes,yes,no,no,yes,yes,no,no,no,yes,yes,yes,yes,no,no,yes,yes,no,yes,yes,yes,no,yes,yes,no,no,yes,yes,yes,yes,no
variation:Mode150-CS,no,no,no,no,no,no,no,no,no,no,no,no,no,no,no,no,no,no,no,no,no,no,no,no,no,no,no,no,yes,yes,yes,yes,no,no,no,no,no,no,no,no,no,no,no,no,no,no,no,no,yes,yes
variation:Mode152,no,no,yes,yes,no,no,yes,yes,no,no,yes,yes,no,yes,yes,no,no,yes,yes,yes,yes,no,no,yes,yes,no,no,no,yes,yes,yes,yes,no,no,yes,yes,no,yes,yes,yes,no,yes,yes,no,no,no,yes,yes,yes,yes
variation:Mode153,no,no,no,no,no,no,no,no,no,no,no,no,no,no,no,no,no,no,no,no,no,no,no,no,no,no,no,no,no,no,no,no,no,no,no,no,no,no,no,no,no,no,no,no,no,no,no,no,yes,yes
variation:Mode154,no,no,yes,yes,no,no,yes,yes,no,no,yes,yes,no,yes,yes,no,no,no,no,no,no,no,no,yes,yes,no,no,no,yes,yes,yes,yes,no,no,yes,yes,no,yes,yes,yes,no,yes,yes,no,no,no,yes,yes,yes,yes
variation:Mode155,no,no,no,no,no,no,no,no,no,no,no,no,no,no,no,no,no,yes,yes,yes,yes,no,no,no,no,no,no,no,no,no,no,no,no,no,no,no,no,no,no,no,no,yes,yes,no,no,no,no,no,yes,yes
variation:Mode156,no,no,no,no,no,no,no,no,no,no,no,no,no,no,no,no,no,no,no,no,no,no,no,no,no,no,no,no,no,no,no,no,no,no,no,no,no,no,no,no,no,no,no,no,no,no,no,no,yes,yes
variation:Mode157,no,no,no,no,no,no,no,no,no,no,no,no,no,no,no,no,no,yes,yes,yes,yes,no,no,no,no,no,no,no,yes,yes,yes,yes,no,no,no,no,no,no,no,no,no,no,no,no,no,no,no,no,yes,yes
variation:Mode158,no,no,no,no,no,no,no,no,no,no,no,no,no,no,no,no,no,yes,yes,yes,yes,no,no,no,no,no,no,no,yes,yes,yes,yes,no,no,no,no,no,no,no,no,no,yes,yes,no,no,no,no,no,yes,yes
variation:Mode159,no,no,no,no,no,no,no,no,no,no,no,no,no,no,no,no,no,no,no,no,no,no,no,no,no,no,no,no,yes,yes,yes,yes,no,no,no,no,no,no,no,no,no,yes,yes,yes,yes,yes,no,no,yes,yes
variation:Mode159-CS,no,no,no,no,no,no,no,no,no,no,no,no,no,no,no,no,no,no,no,no,no,no,no,no,no,no,no,no,yes,yes,yes,yes,no,no,no,no,no,no,no,no,no,no,no,yes,yes,yes,no,no,yes,yes
variation:Mode166,no,no,no,no,no,no,no,no,no,no,no,no,no,no,no,no,no,no,no,no,no,no,no,no,no,yes,yes,no,no,no,no,no,no,no,no,no,no,no,no,no,no,no,no,no,no,no,no,no,yes,yes
variation:Mode167,no,no,no,no,no,no,no,no,no,no,no,no,no,no,no,no,no,no,no,no,no,no,no,no,no,yes,yes,no,no,no,no,no,no,no,no,no,no,no,no,no,no,no,no,no,no,no,no,no,yes,yes
variation:Mode168,no,no,no,no,no,no,no,no,no,no,no,no,no,no,no,no,no,no,no,no,no,no,no,no,no,yes,yes,yes,yes,yes,yes,yes,no,no,no,no,no,no,no,no,no,no,no,no,no,no,no,no,yes,yes
variation:Mode170,yes,yes,no,yes,yes,yes,no,yes,yes,yes,no,yes,yes,no,yes,yes,yes,no,no,yes,yes,yes,yes,no,yes,yes,yes,yes,no,no,yes,yes,yes,yes,no,yes,yes,no,no,no,yes,no,yes,no,no,no,yes,yes,yes,yes
variation:Mode171,yes,yes,no,yes,yes,yes,no,yes,yes,yes,no,yes,yes,no,yes,yes,yes,no,no,yes,yes,yes,yes,no,yes,yes,yes,yes,no,no,yes,yes,yes,yes,no,yes,yes,no,no,no,yes,no,yes,no,no,no,yes,yes,yes,yes
variation:Mode172,yes,yes,no,yes,yes,yes,no,yes,yes,yes,no,yes,yes,no,yes,yes,yes,no,no,yes,yes,yes,yes,no,yes,yes,yes,yes,no,no,yes,yes,yes,yes,no,yes,yes,no,no,no,yes,no,yes,no,no,no,yes,yes,yes,yes
variation:Mode173,yes,yes,no,yes,yes,yes,no,yes,yes,yes,no,yes,yes,no,yes,yes,yes,no,no,yes,yes,yes,yes,no,yes,yes,yes,yes,no,no,yes,yes,yes,yes,no,yes,yes,no,no,no,yes,no,yes,no,no,no,yes,yes,yes,yes
variation:Mode174,yes,yes,no,yes,yes,yes,no,yes,yes,yes,no,yes,yes,no,yes,yes,yes,no,no,yes,yes,yes,yes,no,yes,yes,yes,yes,no,no,yes,yes,yes,yes,no,yes,yes,no,no,no,yes,no,yes,no,no,no,yes,yes,yes,yes
variation:Mode175,yes,yes,no,yes,yes,yes,no,yes,yes,yes,no,yes,yes,no,yes,yes,yes,no,no,yes,yes,yes,yes,no,yes,yes,yes,yes,no,no,yes,yes,yes,yes,no,yes,no,no,no,no,no,no,no,no,no,no,yes,yes,yes,yes
variation:Mode177,yes,yes,no,yes,yes,yes,no,yes,yes,yes,no,yes,yes,no,yes,yes,yes,no,no,yes,yes,yes,yes,no,yes,yes,yes,yes,no,no,yes,yes,yes,yes,no,yes,yes,no,no,no,yes,no,yes,no,no,no,yes,yes,yes,yes
variation:Mode178,yes,yes,no,yes,yes,yes,no,yes,yes,yes,no,yes,yes,no,yes,yes,yes,no,no,yes,yes,yes,yes,no,yes,yes,yes,yes,no,no,yes,yes,yes,yes,no,yes,yes,no,no,no,yes,no,yes,no,no,no,yes,yes,yes,yes
variation:Mode180,yes,yes,no,yes,yes,yes,no,yes,yes,yes,no,yes,yes,no,yes,yes,yes,no,no,yes,yes,yes,yes,no,yes,yes,yes,yes,no,no,yes,yes,yes,yes,no,yes,yes,no,no,no,yes,no,yes,no,no,no,yes,yes,yes,yes
variation:Mode181,yes,yes,no,yes,yes,yes,no,yes,yes,yes,no,yes,yes,no,yes,yes,yes,no,no,yes,yes,yes,yes,no,yes,yes,yes,yes,no,no,yes,yes,yes,yes,no,yes,yes,no,no,no,yes,no,yes,no,no,no,yes,yes,yes,yes
variation:Mode183,yes,yes,no,yes,yes,yes,no,yes,yes,yes,no,yes,yes,no,yes,yes,yes,no,no,yes,yes,yes,yes,no,yes,yes,yes,yes,no,no,yes,yes,yes,yes,no,yes,yes,no,no,no,yes,no,yes,no,no,no,yes,yes,yes,yes
variation:Mode184,yes,yes,no,yes,yes,yes,no,yes,yes,yes,no,yes,yes,no,yes,yes,yes,no,no,yes,yes,yes,yes,no,yes,yes,yes,yes,no,no,yes,yes,yes,yes,no,yes,yes,no,no,no,yes,no,yes,no,no,no,yes,yes,yes,yes
variation:Mode186,yes,yes,no,yes,yes,yes,no,yes,yes,yes,no,yes,yes,no,yes,yes,yes,no,no,yes,yes,yes,yes,no,yes,yes,yes,yes,no,no,yes,yes,yes,yes,no,yes,yes,no,no,no,yes,no,yes,no,no,no,yes,yes,yes,yes
variation:Mode187,yes,yes,no,yes,yes,yes,no,yes,yes,yes,no,yes,yes,no,yes,yes,yes,no,no,yes,yes,yes,yes,no,yes,yes,yes,yes,no,no,yes,yes,yes,yes,no,yes,yes,no,no,no,yes,no,yes,no,no,no,yes,yes,yes,yes
variation:Mode190,yes,yes,no,yes,yes,yes,no,yes,yes,yes,no,yes,yes,no,yes,yes,yes,no,no,yes,yes,yes,yes,no,yes,yes,yes,yes,no,no,yes,yes,yes,yes,no,yes,no,no,no,no,no,no,no,no,no,no,yes,yes,yes,yes
variation:Mode191,no,no,yes,yes,no,no,yes,yes,no,no,yes,yes,no,yes,yes,no,no,yes,yes,yes,yes,no,no,yes,yes,no,no,no,yes,yes,yes,yes,no,no,yes,yes,no,yes,yes,yes,no,no,no,no,no,no,yes,yes,yes,yes
variation:Mode192,no,no,yes,yes,no,no,yes,yes,no,no,yes,yes,no,yes,yes,no,no,yes,yes,yes,yes,no,no,yes,yes,no,no,no,yes,yes,yes,yes,no,no,yes,yes,no,yes,yes,yes,no,no,no,no,no,no,yes,yes,yes,yes
variation:Mode193,no,no,no,no,no,no,no,no,no,no,no,no,no,no,no,no,no,yes,yes,yes,yes,no,no,no,no,no,no,no,yes,yes,yes,yes,no,no,no,no,no,no,no,no,no,no,no,no,no,no,no,no,yes,yes
variation:Mode194,no,no,no,no,no,no,no,no,no,no,no,no,no,no,no,no,no,yes,yes,yes,yes,no,no,no,no,no,no,no,yes,yes,yes,yes,no,no,no,no,no,no,no,no,no,no,no,no,no,no,no,no,yes,yes
variation:Mode195,yes,yes,yes,yes,yes,yes,yes,yes,yes,yes,yes,yes,yes,yes,yes,yes,yes,yes,yes,yes,yes,yes,yes,yes,yes,yes,yes,yes,yes,yes,yes,yes,yes,yes,yes,yes,yes,yes,yes,yes,yes,yes,yes,no,no,no,yes,yes,yes,yes
variation:Mode198,no,no,yes,yes,no,no,no,no,no,no,no,no,no,no,no,no,no,no,no,no,no,no,no,no,no,no,no,no,no,no,no,no,no,no,no,no,no,no,no,no,no,yes,yes,no,no,no,no,no,yes,yes
variation:Mode199,no,no,yes,yes,no,no,no,no,no,no,no,no,no,no,no,no,no,no,no,no,no,no,no,no,no,no,no,no,no,no,no,no,no,no,no,no,no,no,no,no,no,yes,yes,no,no,no,no,no,yes,yes
variation:Mode200,no,no,no,no,no,no,no,no,no,no,no,no,no,no,no,no,no,no,no,no,no,no,no,no,no,no,no,no,no,no,no,no,no,no,no,no,no,no,no,no,no,no,no,no,no,no,no,no,yes,yes
variation:Mode201,no,no,no,no,no,no,no,no,no,no,no,no,no,no,no,no,no,no,no,no,no,no,no,no,no,no,no,no,no,no,no,no,no,no,no,no,no,no,no,no,no,no,no,no,no,no,no,no,yes,yes
variation:Mode202,no,no,no,no,no,no,no,no,no,no,no,no,no,no,no,no,no,no,no,no,no,no,no,no,no,no,no,no,no,no,no,no,no,no,no,no,no,no,no,no,no,no,no,no,no,no,no,no,yes,yes
variation:Mode203,no,no,no,no,no,no,no,no,no,no,no,no,no,no,no,no,no,no,no,no,no,no,no,no,no,no,no,no,no,no,no,no,no,no,no,no,no,no,no,no,no,no,no,no,no,no,no,no,yes,yes
variation:Mode204,no,no,no,no,no,no,no,no,no,no,no,no,no,no,no,no,no,no,no,no,no,no,no,no,no,no,no,no,no,no,no,no,no,no,no,no,no,no,no,no,no,no,no,no,no,no,no,no,yes,yes
variation:Mode205,no,no,no,no,no,no,no,no,no,no,no,no,no,no,no,no,no,no,no,no,no,no,no,no,no,no,no,no,no,no,no,no,no,no,no,no,no,no,no,no,no,no,no,no,no,no,no,no,yes,yes
variation:Mode206,no,no,no,no,no,no,no,no,no,no,no,no,no,no,no,no,no,no,no,no,no,no,no,no,no,no,no,no,no,no,no,no,no,no,no,no,no,no,no,no,no,no,no,no,no,no,no,no,yes,yes
variation:Mode300,no,no,no,no,yes,yes,no,yes,no,no,no,no,no,no,no,no,no,no,no,no,no,yes,yes,no,yes,no,no,no,no,no,no,no,no,no,no,no,no,no,no,no,no,no,no,no,no,no,yes,yes,yes,yes
variation:Mode301,no,no,no,no,yes,yes,no,yes,no,no,no,no,no,no,no,no,no,no,no,no,no,yes,yes,no,yes,no,no,no,no,no,no,no,no,no,no,no,no,no,no,no,no,no,no,no,no,no,yes,yes,yes,yes
variation:Mode303,no,no,no,no,yes,yes,no,yes,no,no,no,no,no,no,no,no,no,no,no,no,no,yes,yes,no,yes,no,no,no,no,no,no,no,no,no,no,no,no,no,no,no,no,no,no,no,no,no,yes,yes,yes,yes
variation:Mode304,no,no,no,no,yes,yes,no,yes,no,no,no,no,no,no,no,no,no,no,no,no,no,yes,yes,no,yes,no,no,no,no,no,no,no,no,no,no,no,no,no,no,no,no,no,no,no,no,no,yes,yes,yes,yes
variation:Mode305,no,no,no,no,yes,yes,no,yes,no,no,no,no,no,no,no,no,no,no,no,no,no,yes,yes,no,yes,no,no,no,no,no,no,no,no,no,no,no,no,no,no,no,no,no,no,no,no,no,yes,yes,yes,yes
variation:Mode306,no,no,no,no,yes,yes,no,yes,no,no,no,no,no,no,no,no,no,no,no,no,no,yes,yes,no,yes,no,no,no,no,no,no,no,no,no,no,no,no,no,no,no,no,no,no,no,no,no,yes,yes,yes,yes
variation:Mode307,no,no,no,no,yes,yes,no,yes,no,no,no,no,no,no,no,no,no,no,no,no,no,yes,yes,no,yes,no,no,no,no,no,no,no,no,no,no,no,no,no,no,no,no,no,no,no,no,no,yes,yes,yes,yes
variation:Mode350,no,no,no,no,no,no,yes,yes,no,no,no,no,no,no,no,no,no,no,no,no,no,no,no,yes,yes,no,no,no,no,no,no,no,no,no,no,no,no,yes,yes,yes,no,no,no,no,no,no,yes,yes,yes,yes
variation:Mode351,no,no,no,no,no,no,yes,yes,no,no,no,no,no,no,no,no,no,no,no,no,no,no,no,yes,yes,no,no,no,no,no,no,no,no,no,no,no,no,yes,yes,yes,no,no,no,no,no,no,yes,yes,yes,yes
variation:Mode353,no,no,no,no,no,no,yes,yes,no,no,no,no,no,no,no,no,no,no,no,no,no,no,no,yes,yes,no,no,no,no,no,no,no,no,no,no,no,no,yes,yes,yes,no,no,no,no,no,no,yes,yes,yes,yes
variation:Mode354,no,no,no,no,no,no,yes,yes,no,no,no,no,no,no,no,no,no,no,no,no,no,no,no,yes,yes,no,no,no,no,no,no,no,no,no,no,no,no,yes,yes,yes,no,no,no,no,no,no,yes,yes,yes,yes
variation:Mode355,no,no,no,no,no,no,yes,yes,no,no,no,no,no,no,no,no,no,no,no,no,no,no,no,yes,yes,no,no,no,no,no,no,no,no,no,no,no,no,yes,yes,yes,no,no,no,no,no,no,yes,yes,yes,yes
variation:Mode356,no,no,no,no,no,no,yes,yes,no,no,no,no,no,no,no,no,no,no,no,no,no,no,no,yes,yes,no,no,no,no,no,no,no,no,no,no,no,no,yes,yes,yes,no,no,no,no,no,no,yes,yes,yes,yes
variation:Mode357,no,no,no,no,no,no,yes,yes,no,no,no,no,no,no,no,no,no,no,no,no,no,no,no,yes,yes,no,no,no,no,no,no,no,no,no,no,no,no,yes,yes,yes,no,no,no,no,no,no,yes,yes,yes,yes
variation:Mode400,no,no,no,no,no,no,no,no,no,no,no,no,no,no,no,no,no,no,no,no,no,no,no,no,no,no,no,no,no,no,no,no,no,no,no,no,no,no,no,no,no,no,no,no,no,no,no,no,yes,yes
variation:Mode401,no,no,no,no,no,no,no,no,no,no,no,no,no,no,no,no,no,no,no,no,no,no,no,no,no,no,no,no,no,no,no,no,no,no,no,no,no,no,no,no,no,no,no,no,no,no,no,no,yes,yes
variation:Mode500,no,yes,no,yes,no,yes,no,yes,no,yes,no,yes,no,no,no,no,yes,no,no,yes,yes,no,yes,no,yes,no,no,yes,no,no,yes,yes,no,yes,no,yes,yes,no,no,no,yes,no,yes,no,no,no,yes,yes,yes,yes
variation:Mode501,no,yes,no,yes,no,yes,no,yes,no,yes,no,yes,yes,no,yes,no,yes,no,no,yes,yes,no,yes,no,yes,no,no,yes,no,no,yes,yes,no,yes,no,yes,no,no,no,no,no,no,no,no,no,no,yes,yes,yes,yes
variation:Mode503,no,yes,no,yes,no,yes,no,yes,no,yes,no,yes,yes,no,yes,no,yes,no,no,yes,yes,no,yes,no,yes,no,no,yes,no,no,yes,yes,no,yes,no,yes,no,no,no,no,no,no,no,no,no,no,yes,yes,yes,yes
variation:Mode504,no,yes,no,yes,no,yes,no,yes,no,yes,no,yes,yes,no,yes,no,yes,no,no,yes,yes,no,yes,no,yes,no,no,yes,no,no,yes,yes,no,yes,no,yes,no,no,no,no,no,no,no,no,no,no,yes,yes,yes,yes
variation:Mode505,no,yes,no,yes,no,yes,no,yes,no,yes,no,yes,yes,no,yes,no,yes,no,no,yes,yes,no,yes,no,yes,no,no,yes,no,no,yes,yes,no,yes,no,yes,no,no,no,no,no,no,no,no,no,no,yes,yes,yes,yes
variation:Mode506,no,yes,no,yes,no,yes,no,yes,no,yes,no,yes,yes,no,yes,no,yes,no,no,yes,yes,no,yes,no,yes,no,no,yes,no,no,yes,yes,no,yes,no,yes,no,no,no,no,no,no,no,no,no,no,yes,yes,yes,yes
variation:Mode507,no,yes,no,yes,no,yes,no,yes,no,yes,no,yes,yes,no,yes,no,yes,no,no,yes,yes,no,yes,no,yes,no,no,yes,no,no,yes,yes,no,yes,no,yes,no,no,no,no,no,no,no,no,no,no,yes,yes,yes,yes
variation:Mode550,no,no,yes,yes,no,no,yes,yes,no,no,yes,yes,no,yes,yes,no,no,yes,yes,yes,yes,no,no,yes,yes,no,no,no,yes,yes,yes,yes,no,no,yes,yes,no,yes,yes,yes,no,yes,yes,no,no,no,yes,yes,yes,yes
variation:Mode551,no,no,yes,yes,no,no,yes,yes,no,no,yes,yes,no,yes,yes,no,no,yes,yes,yes,yes,no,no,yes,yes,no,no,no,yes,yes,yes,yes,no,no,yes,yes,no,yes,yes,yes,no,no,no,no,no,no,yes,yes,yes,yes
variation:Mode553,no,no,yes,yes,no,no,yes,yes,no,no,yes,yes,no,yes,yes,no,no,yes,yes,yes,yes,no,no,yes,yes,no,no,no,yes,yes,yes,yes,no,no,yes,yes,no,yes,yes,yes,no,no,no,no,no,no,yes,yes,yes,yes
variation:Mode554,no,no,yes,yes,no,no,yes,yes,no,no,yes,yes,no,yes,yes,no,no,yes,yes,yes,yes,no,no,yes,yes,no,no,no,yes,yes,yes,yes,no,no,yes,yes,no,yes,yes,yes,no,no,no,no,no,no,yes,yes,yes,yes
variation:Mode555,no,no,yes,yes,no,no,yes,yes,no,no,yes,yes,no,yes,yes,no,no,yes,yes,yes,yes,no,no,yes,yes,no,no,no,yes,yes,yes,yes,no,no,yes,yes,no,yes,yes,yes,no,no,no,no,no,no,yes,yes,yes,yes
variation:Mode556,no,no,yes,yes,no,no,yes,yes,no,no,yes,yes,no,yes,yes,no,no,yes,yes,yes,yes,no,no,yes,yes,no,no,no,yes,yes,yes,yes,no,no,yes,yes,no,yes,yes,yes,no,no,no,no,no,no,yes,yes,yes,yes
variation:Mode557,no,no,yes,yes,no,no,yes,yes,no,no,yes,yes,no,yes,yes,no,no,yes,yes,yes,yes,no,no,yes,yes,no,no,no,yes,yes,yes,yes,no,no,yes,yes,no,yes,yes,yes,no,no,no,no,no,no,yes,yes,yes,yes
variation:Mode590,no,no,yes,yes,no,no,yes,yes,no,no,yes,yes,no,yes,yes,no,no,yes,yes,yes,yes,no,no,yes,yes,no,no,no,yes,yes,yes,yes,no,no,yes,yes,no,yes,yes,yes,no,no,no,no,no,no,yes,yes,yes,yes
variation:Mode591,no,no,yes,yes,no,no,yes,yes,no,no,yes,yes,no,yes,yes,no,no,yes,yes,yes,yes,no,no,yes,yes,no,no,no,yes,yes,yes,yes,no,no,yes,yes,no,yes,yes,yes,no,no,no,no,no,no,yes,yes,yes,yes
variation:Mode592,no,no,yes,yes,no,no,yes,yes,no,no,yes,yes,no,yes,yes,no,no,yes,yes,yes,yes,no,no,yes,yes,no,no,no,yes,yes,yes,yes,no,no,yes,yes,no,yes,yes,yes,no,no,no,no,no,no,yes,yes,yes,yes
variation:Mode593,no,no,yes,yes,no,no,yes,yes,no,no,yes,yes,no,yes,yes,no,no,yes,yes,yes,yes,no,no,yes,yes,no,no,no,yes,yes,yes,yes,no,no,yes,yes,no,yes,yes,yes,no,no,no,no,no,no,yes,yes,yes,yes
variation:Mode594,no,no,yes,yes,no,no,yes,yes,no,no,yes,yes,no,yes,yes,no,no,yes,yes,yes,yes,no,no,yes,yes,no,no,no,yes,yes,yes,yes,no,no,yes,yes,no,yes,yes,yes,no,no,no,no,no,no,yes,yes,yes,yes
variation:Mode600,no,no,yes,yes,no,no,yes,yes,no,no,yes,yes,no,yes,yes,no,no,yes,yes,yes,yes,no,no,yes,yes,no,no,no,yes,yes,yes,yes,no,no,yes,yes,no,yes,yes,yes,no,yes,yes,no,no,no,yes,yes,yes,yes
variation:Mode601,no,no,yes,yes,no,no,yes,yes,no,no,yes,yes,no,yes,yes,no,no,yes,yes,yes,yes,no,no,yes,yes,no,no,no,yes,yes,yes,yes,no,no,yes,yes,no,yes,yes,yes,no,yes,yes,no,no,no,yes,yes,yes,yes
variation:Mode603,no,no,yes,yes,no,no,yes,yes,no,no,yes,yes,no,yes,yes,no,no,yes,yes,yes,yes,no,no,yes,yes,no,no,no,yes,yes,yes,yes,no,no,yes,yes,no,yes,yes,yes,no,yes,yes,no,no,no,yes,yes,yes,yes
variation:Mode604,no,no,yes,yes,no,no,yes,yes,no,no,yes,yes,no,yes,yes,no,no,yes,yes,yes,yes,no,no,yes,yes,no,no,no,yes,yes,yes,yes,no,no,yes,yes,no,yes,yes,yes,no,yes,yes,no,no,no,yes,yes,yes,yes
variation:Mode605,no,no,yes,yes,no,no,yes,yes,no,no,yes,yes,no,yes,yes,no,no,yes,yes,yes,yes,no,no,yes,yes,no,no,no,yes,yes,yes,yes,no,no,yes,yes,no,yes,yes,yes,no,no,no,no,no,no,yes,yes,yes,yes
variation:Mode606,no,no,yes,yes,no,no,yes,yes,no,no,yes,yes,no,yes,yes,no,no,yes,yes,yes,yes,no,no,yes,yes,no,no,no,yes,yes,yes,yes,no,no,yes,yes,no,yes,yes,yes,no,yes,yes,no,no,no,yes,yes,yes,yes
variation:Mode607,no,no,yes,yes,no,no,yes,yes,no,no,yes,yes,no,yes,yes,no,no,yes,yes,yes,yes,no,no,yes,yes,no,no,no,yes,yes,yes,yes,no,no,yes,yes,no,yes,yes,yes,no,yes,yes,no,no,no,yes,yes,yes,yes
variation:Mode608,no,no,yes,yes,no,no,yes,yes,no,no,yes,yes,no,yes,yes,no,no,yes,yes,yes,yes,no,no,yes,yes,no,no,no,yes,yes,yes,yes,no,no,yes,yes,no,yes,yes,yes,no,yes,yes,no,no,no,yes,yes,yes,yes
variation:Mode609,no,no,yes,yes,no,no,yes,yes,no,no,yes,yes,no,yes,yes,no,no,yes,yes,yes,yes,no,no,yes,yes,no,no,no,yes,yes,yes,yes,no,no,yes,yes,no,yes,yes,yes,no,yes,yes,no,yes,yes,yes,yes,yes,yes
variation:Mode610,no,no,yes,yes,no,no,yes,yes,no,no,yes,yes,no,yes,yes,no,no,yes,yes,yes,yes,no,no,yes,yes,no,no,no,yes,yes,yes,yes,no,no,yes,yes,no,yes,yes,yes,no,yes,yes,no,no,no,yes,yes,yes,yes
variation:Mode612,no,no,yes,yes,no,no,yes,yes,no,no,yes,yes,no,yes,yes,no,no,yes,yes,yes,yes,no,no,yes,yes,no,no,no,yes,yes,yes,yes,no,no,yes,yes,no,yes,yes,yes,no,yes,yes,no,no,no,yes,yes,yes,yes
variation:Mode613,no,no,yes,yes,no,no,yes,yes,no,no,yes,yes,no,yes,yes,no,no,yes,yes,yes,yes,no,no,yes,yes,no,no,no,yes,yes,yes,yes,no,no,yes,yes,no,yes,yes,yes,no,yes,yes,no,no,no,yes,yes,yes,yes
variation:Mode614,no,no,yes,yes,no,no,yes,yes,no,no,yes,yes,no,yes,yes,no,no,yes,yes,yes,yes,no,no,yes,yes,no,no,no,yes,yes,yes,yes,no,no,yes,yes,no,yes,yes,yes,no,no,no,no,no,no,yes,yes,yes,yes
variation:Mode615,no,no,yes,yes,no,no,yes,yes,no,no,yes,yes,no,yes,yes,no,no,yes,yes,yes,yes,no,no,yes,yes,no,no,no,yes,yes,yes,yes,no,no,yes,yes,no,yes,yes,yes,no,yes,yes,no,no,no,yes,yes,yes,yes
variation:Mode616,no,no,yes,yes,no,no,yes,yes,no,no,yes,yes,no,yes,yes,no,no,yes,yes,yes,yes,no,no,yes,yes,no,no,no,yes,yes,yes,yes,no,no,yes,yes,no,yes,yes,yes,no,yes,yes,no,no,no,yes,yes,yes,yes
variation:Mode618,no,no,yes,yes,no,no,yes,yes,no,no,yes,yes,no,yes,yes,no,no,yes,yes,yes,yes,no,no,yes,yes,no,no,no,yes,yes,yes,yes,no,no,yes,yes,no,yes,yes,yes,no,yes,yes,no,no,no,yes,yes,yes,yes
variation:Mode619,no,no,yes,yes,no,no,yes,yes,no,no,yes,yes,no,yes,yes,no,no,yes,yes,yes,yes,no,no,yes,yes,no,no,no,yes,yes,yes,yes,no,no,yes,yes,no,yes,yes,yes,no,yes,yes,no,no,no,yes,yes,yes,yes
variation:Mode621,no,no,yes,yes,no,no,yes,yes,no,no,yes,yes,no,yes,yes,no,no,yes,yes,yes,yes,no,no,yes,yes,no,no,no,yes,yes,yes,yes,no,no,yes,yes,no,yes,yes,yes,no,yes,yes,no,no,no,yes,yes,yes,yes
variation:Mode622,no,no,yes,yes,no,no,yes,yes,no,no,yes,yes,no,yes,yes,no,no,yes,yes,yes,yes,no,no,yes,yes,no,no,no,yes,yes,yes,yes,no,no,yes,yes,no,yes,yes,yes,no,yes,yes,no,no,no,yes,yes,yes,yes
variation:Mode623,no,no,yes,yes,no,no,yes,yes,no,no,yes,yes,no,yes,yes,no,no,yes,yes,yes,yes,no,no,yes,yes,no,no,no,yes,yes,yes,yes,no,no,yes,yes,no,yes,yes,yes,no,no,no,no,no,no,yes,yes,yes,yes
variation:Mode624,no,no,yes,yes,no,no,yes,yes,no,no,yes,yes,no,yes,yes,no,no,yes,yes,yes,yes,no,no,yes,yes,no,no,no,yes,yes,yes,yes,no,no,yes,yes,no,yes,yes,yes,no,yes,yes,no,no,no,yes,yes,yes,yes
variation:Mode627,no,no,no,no,no,no,no,no,no,no,no,no,no,yes,yes,no,no,yes,yes,yes,yes,no,no,no,no,no,no,no,no,no,no,no,no,no,no,no,no,no,no,no,no,no,no,no,no,no,no,no,yes,yes
variation:Mode628,no,no,no,no,no,no,no,no,no,no,no,no,no,no,no,no,no,no,no,no,no,no,no,no,no,no,no,no,no,no,no,no,no,no,no,no,no,no,no,no,no,no,no,no,no,no,no,no,yes,yes
variation:Mode630,no,no,no,no,no,no,no,no,no,no,no,no,no,no,no,no,no,no,no,no,no,no,no,no,no,no,no,no,no,no,no,no,no,no,no,no,no,no,no,no,no,no,no,no,no,no,no,no,yes,yes
variation:Mode640,no,no,yes,yes,no,no,yes,yes,no,no,yes,yes,no,no,no,no,no,yes,yes,yes,yes,no,no,yes,yes,no,no,no,yes,yes,yes,yes,no,no,yes,yes,no,yes,yes,yes,no,yes,yes,no,no,no,yes,yes,yes,yes
variation:Mode641,no,no,yes,yes,no,no,yes,yes,no,no,yes,yes,no,yes,yes,no,no,yes,yes,yes,yes,no,no,yes,yes,no,no,no,yes,yes,yes,yes,no,no,yes,yes,no,yes,yes,yes,no,yes,yes,no,no,no,yes,yes,yes,yes
variation:Mode642,no,no,yes,yes,no,no,yes,yes,no,no,yes,yes,no,yes,yes,no,no,yes,yes,yes,yes,no,no,yes,yes,no,no,no,yes,yes,yes,yes,no,no,yes,yes,no,yes,yes,yes,no,yes,yes,no,no,no,yes,yes,yes,yes
variation:Mode643,no,no,yes,yes,no,no,yes,yes,no,no,yes,yes,no,yes,yes,no,no,yes,yes,yes,yes,no,no,yes,yes,no,no,no,yes,yes,yes,yes,no,no,yes,yes,no,yes,yes,yes,no,yes,yes,no,no,no,yes,yes,yes,yes
variation:Mode644,no,no,yes,yes,no,no,yes,yes,no,no,yes,yes,no,yes,yes,no,no,yes,yes,yes,yes,no,no,yes,yes,no,no,no,yes,yes,yes,yes,no,no,yes,yes,no,yes,yes,yes,no,no,no,no,no,no,yes,yes,yes,yes
variation:Mode645,no,no,yes,yes,no,no,yes,yes,no,no,yes,yes,no,yes,yes,no,no,yes,yes,yes,yes,no,no,yes,yes,no,no,no,yes,yes,yes,yes,no,no,yes,yes,no,yes,yes,yes,no,yes,yes,no,no,no,yes,yes,yes,yes
variation:Mode650,no,yes,no,yes,no,yes,no,yes,no,yes,no,yes,yes,no,yes,no,yes,no,no,yes,yes,no,yes,no,yes,no,no,yes,no,no,yes,yes,no,yes,no,yes,yes,no,no,no,yes,no,yes,no,no,yes,yes,yes,yes,no
variation:Mode685,no,no,yes,yes,no,no,yes,yes,no,no,yes,yes,no,yes,yes,no,no,yes,yes,yes,yes,no,no,yes,yes,no,no,no,no,no,no,no,no,no,yes,yes,no,yes,yes,yes,no,yes,yes,no,no,no,yes,yes,yes,yes
variation:Mode686,no,no,yes,yes,no,no,yes,yes,no,no,yes,yes,no,yes,yes,no,no,yes,yes,yes,yes,no,no,yes,yes,no,no,no,no,no,no,no,no,no,yes,yes,no,yes,yes,yes,no,yes,yes,no,no,no,yes,yes,yes,yes
variation:Mode687,no,no,yes,yes,no,no,yes,yes,no,no,yes,yes,no,yes,yes,no,no,yes,yes,yes,yes,no,no,yes,yes,no,no,no,no,no,no,no,no,no,yes,yes,no,yes,yes,yes,no,yes,yes,no,no,no,yes,yes,yes,yes
variation:Mode688,no,no,yes,yes,no,no,yes,yes,no,no,yes,yes,no,yes,yes,no,no,yes,yes,yes,yes,no,no,yes,yes,no,no,no,no,no,no,no,no,no,yes,yes,no,yes,yes,yes,no,yes,yes,no,no,no,yes,yes,yes,yes
variation:Mode107-OSR,yes,yes,no,yes,yes,yes,no,yes,yes,yes,no,yes,no,yes,yes,yes,yes,no,no,yes,yes,yes,yes,no,yes,yes,yes,yes,no,no,yes,yes,no,yes,no,yes,yes,no,no,no,yes,no,yes,no,no,no,yes,yes,yes,yes
variation:Mode110-OSR,yes,yes,no,yes,yes,yes,no,yes,yes,yes,no,yes,yes,no,yes,yes,yes,no,no,yes,yes,yes,yes,no,yes,yes,yes,yes,no,no,yes,yes,yes,yes,no,yes,yes,no,no,no,yes,no,yes,no,no,no,yes,yes,yes,yes
variation:Mode112-OSR,yes,yes,no,yes,yes,yes,no,yes,yes,yes,no,yes,yes,no,yes,yes,yes,no,no,yes,yes,yes,yes,no,yes,yes,yes,yes,no,no,yes,yes,no,yes,no,yes,yes,no,no,no,yes,no,yes,no,no,no,yes,yes,yes,yes
variation:Mode607-OSR,no,no,yes,yes,no,no,yes,yes,no,no,yes,yes,no,no,no,no,no,yes,yes,yes,yes,no,no,yes,yes,no,no,no,yes,yes,yes,yes,no,no,yes,yes,no,yes,yes,yes,no,yes,yes,no,no,no,yes,yes,yes,yes
variation:Mode610-OSR,no,no,yes,yes,no,no,yes,yes,no,no,yes,yes,no,yes,yes,no,no,yes,yes,yes,yes,no,no,yes,yes,no,no,no,yes,yes,yes,yes,no,no,yes,yes,no,yes,yes,yes,no,yes,yes,no,no,no,yes,yes,yes,yes
variation:Mode612-OSR,no,no,yes,yes,no,no,yes,yes,no,no,yes,yes,no,yes,yes,no,no,yes,yes,yes,yes,no,no,yes,yes,no,no,no,yes,yes,yes,yes,no,no,yes,yes,no,yes,yes,yes,no,yes,yes,no,no,no,yes,yes,yes,yes
variation:Mode107-OSRG,yes,yes,no,yes,yes,yes,no,yes,yes,yes,no,yes,yes,no,yes,yes,yes,no,no,yes,yes,yes,yes,no,yes,yes,yes,yes,no,no,yes,yes,no,yes,no,yes,yes,no,no,no,yes,no,yes,no,no,no,yes,yes,yes,yes
variation:Mode110-OSRG,yes,yes,no,yes,yes,yes,no,yes,yes,yes,no,yes,yes,no,yes,yes,yes,no,no,yes,yes,yes,yes,no,yes,yes,yes,yes,no,no,yes,yes,yes,yes,no,yes,yes,no,no,no,yes,no,yes,no,no,no,yes,yes,yes,yes
variation:Mode607-OSRG,no,no,yes,yes,no,no,yes,yes,no,no,yes,yes,no,no,no,no,no,yes,yes,yes,yes,no,no,yes,yes,no,no,no,yes,yes,yes,yes,no,no,yes,yes,no,yes,yes,yes,no,yes,yes,no,no,no,yes,yes,yes,yes
variation:Mode610-OSRG,no,no,yes,yes,no,no,yes,yes,no,no,yes,yes,no,yes,yes,no,no,yes,yes,yes,yes,no,no,yes,yes,no,no,no,yes,yes,yes,yes,no,no,yes,yes,no,yes,yes,yes,no,yes,yes,no,no,no,yes,yes,yes,yes
variation:Mode612-OSRG,no,no,yes,yes,no,no,yes,yes,no,no,yes,yes,no,yes,yes,no,no,yes,yes,yes,yes,no,no,yes,yes,no,no,no,yes,yes,yes,yes,no,no,yes,yes,no,yes,yes,yes,no,yes,yes,no,no,no,yes,yes,yes,yes
variation:Mode1000,yes,no,no,no,yes,no,no,no,yes,no,no,no,no,no,no,yes,no,no,no,no,no,yes,no,no,no,yes,yes,no,no,no,no,no,yes,no,no,no,no,no,no,no,no,no,no,no,no,no,no,no,no,yes
